template_id,source,currency,guarantee_type,method,language,template_type,sector,circular,joint_venture,envelope,validity_allowed,template_file,folder,active
OFF-001,OFFLINE,VND,BLBH,TG,TV,EVN,,,LD,,1-4,LD_BLBH_TV_EVN.docx,.Liên danh (template thư giấy),true
OFF-002,OFFLINE,VND,BLBH,TG,TV,VIT,,,LD,,1-4,LD_BLBH_TV_VIT.docx,.Liên danh (template thư giấy),true
OFF-003,OFFLINE,VND,BLDT,TG,TV,T07,,,LD,,1-4,LD_BLDT_TV_TT07.docx,.Liên danh (template thư giấy),true
OFF-004,OFFLINE,VND,BLDT,TG,TV,T22,HH,,LD,,1-4,LD_BLDT_TV_TT22_HH.docx,.Liên danh (template thư giấy),true
OFF-005,OFFLINE,VND,BLTH,TG,TV,EVN,,,LD,,1-4,LD_BLTH_TV_EVN.docx,.Liên danh (template thư giấy),true
OFF-006,OFFLINE,VND,BLTH,TG,TV,T07,DL,,LD,,1-4,LD_BLTH_TV_TT07_DL.docx,.Liên danh (template thư giấy),true
OFF-007,OFFLINE,VND,BLTH,TG,TV,T07,MT,,LD,,1-4,LD_BLTH_TV_TT07_MT (1 thụ hưởng).docx,.Liên danh (template thư giấy),true
OFF-008,OFFLINE,VND,BLTH,TG,TV,T07,MT,,LD,,1-4,LD_BLTH_TV_TT07_MT (lô thụ hưởng).docx,.Liên danh (template thư giấy),true
OFF-009,OFFLINE,VND,BLTH,TG,TV,T22,HH,,LD,,1-4,LD_BLTH_TV_TT22_HH.docx,.Liên danh (template thư giấy),true
OFF-010,OFFLINE,VND,BLTH,TG,TV,T22,HON_HOP,,LD,,1-4,LD_BLTH_TV_TT22_HON_HOP.docx,.Liên danh (template thư giấy),true
OFF-011,OFFLINE,VND,BLTH,TG,TV,T22,PTV,,LD,,1-4,LD_BLTH_TV_TT22_PTV.docx,.Liên danh (template thư giấy),true
OFF-012,OFFLINE,VND,BLTH,TG,TV,T22,TBYT,,LD,,1-4,LD_BLTH_TV_TT22_TBYT.docx,.Liên danh (template thư giấy),true
OFF-013,OFFLINE,VND,BLTH,TG,TV,T22,XL,,LD,,1-4,LD_BLTH_TV_TT22_XL.docx,.Liên danh (template thư giấy),true
OFF-014,OFFLINE,VND,BLTH,TG,TV,VIT,,,LD,,1-4,LD_BLTH_TV_VIT.docx,.Liên danh (template thư giấy),true
OFF-015,OFFLINE,VND,BLTU,TG,TV,EVN,,,LD,,1-5,LD_BLTU_TV_EVN.docx,.Liên danh (template thư giấy),true
OFF-016,OFFLINE,VND,BLTU,TG,TV,T22,HH,,LD,,1-5,LD_BLTU_TV_TT22_HH.docx,.Liên danh (template thư giấy),true
OFF-017,OFFLINE,VND,BLTU,TG,TV,T22,HON_HOP,,LD,,1-5,LD_BLTU_TV_TT22_HON_HOP.docx,.Liên danh (template thư giấy),true
OFF-018,OFFLINE,VND,BLTU,TG,TV,T22,PTV,,LD,,1-5,LD_BLTU_TV_TT22_PTV.docx,.Liên danh (template thư giấy),true
OFF-019,OFFLINE,VND,BLTU,TG,TV,T22,TBYT,,LD,,1-5,LD_BLTU_TV_TT22_TBYT.docx,.Liên danh (template thư giấy),true
OFF-020,OFFLINE,VND,BLTU,TG,TV,T22,XL,,LD,,1-5,LD_BLTU_TV_TT22_XL.docx,.Liên danh (template thư giấy),true
OFF-021,OFFLINE,VND,BLTU,TG,TV,VIT,,,LD,,1-5,LD_BLTU_TV_VIT.docx,.Liên danh (template thư giấy),true
OFF-022,OFFLINE,VND,BLBH,ĐT,TV,EVN,,,LD,,1-4,LD_BLBH_TV_EVN.docx,.Liên danh (template thư điện tử),true
OFF-023,OFFLINE,VND,BLBH,ĐT,TV,VIT,,,LD,,1-4,LD_BLBH_TV_VIT.docx,.Liên danh (template thư điện tử),true
OFF-024,OFFLINE,VND,BLDT,ĐT,TV,T07,,,LD,,1-4,LD_BLDT_TV_TT07.docx,.Liên danh (template thư điện tử),true
OFF-025,OFFLINE,VND,BLDT,ĐT,TV,T22,HH,,LD,,1-4,LD_BLDT_TV_TT22_HH.docx,.Liên danh (template thư điện tử),true
OFF-026,OFFLINE,VND,BLTH,ĐT,TV,EVN,,,LD,,1-4,LD_BLTH_TV_EVN.docx,.Liên danh (template thư điện tử),true
OFF-027,OFFLINE,VND,BLTH,ĐT,TV,T07,DL,,LD,,1-4,LD_BLTH_TV_TT07_DL.docx,.Liên danh (template thư điện tử),true
OFF-028,OFFLINE,VND,BLTH,ĐT,TV,T07,MT,,LD,,1-4,LD_BLTH_TV_TT07_MT (1 thụ hưởng).docx,.Liên danh (template thư điện tử),true
OFF-029,OFFLINE,VND,BLTH,ĐT,TV,T07,MT,,LD,,1-4,LD_BLTH_TV_TT07_MT (lô thụ hưởng).docx,.Liên danh (template thư điện tử),true
OFF-030,OFFLINE,VND,BLTH,ĐT,TV,T22,HH,,LD,,1-4,LD_BLTH_TV_TT22_HH.docx,.Liên danh (template thư điện tử),true
OFF-031,OFFLINE,VND,BLTH,ĐT,TV,T22,HON_HOP,,LD,,1-4,LD_BLTH_TV_TT22_HON_HOP.docx,.Liên danh (template thư điện tử),true
OFF-032,OFFLINE,VND,BLTH,ĐT,TV,T22,PTV,,LD,,1-4,LD_BLTH_TV_TT22_PTV.docx,.Liên danh (template thư điện tử),true
OFF-033,OFFLINE,VND,BLTH,ĐT,TV,T22,TBYT,,LD,,1-4,LD_BLTH_TV_TT22_TBYT.docx,.Liên danh (template thư điện tử),true
OFF-034,OFFLINE,VND,BLTH,ĐT,TV,T22,XL,,LD,,1-4,LD_BLTH_TV_TT22_XL.docx,.Liên danh (template thư điện tử),true
OFF-035,OFFLINE,VND,BLTH,ĐT,TV,VIT,,,LD,,1-4,LD_BLTH_TV_VIT.docx,.Liên danh (template thư điện tử),true
OFF-036,OFFLINE,VND,BLTU,ĐT,TV,EVN,,,LD,,1-5,LD_BLTU_TV_EVN.docx,.Liên danh (template thư điện tử),true
OFF-037,OFFLINE,VND,BLTU,ĐT,TV,T22,HH,,LD,,1-5,LD_BLTU_TV_TT22_HH.docx,.Liên danh (template thư điện tử),true
OFF-038,OFFLINE,VND,BLTU,ĐT,TV,T22,HON_HOP,,LD,,1-5,LD_BLTU_TV_TT22_HON_HOP.docx,.Liên danh (template thư điện tử),true
OFF-039,OFFLINE,VND,BLTU,ĐT,TV,T22,PTV,,LD,,1-5,LD_BLTU_TV_TT22_PTV.docx,.Liên danh (template thư điện tử),true
OFF-040,OFFLINE,VND,BLTU,ĐT,TV,T22,TBYT,,LD,,1-5,LD_BLTU_TV_TT22_TBYT.docx,.Liên danh (template thư điện tử),true
OFF-041,OFFLINE,VND,BLTU,ĐT,TV,T22,XL,,LD,,1-5,LD_BLTU_TV_TT22_XL.docx,.Liên danh (template thư điện tử),true
OFF-042,OFFLINE,VND,BLTU,ĐT,TV,VIT,,,LD,,1-5,LD_BLTU_TV_VIT.docx,.Liên danh (template thư điện tử),true
OFF-043,OFFLINE,VND,BLBH,TG,TV,EVN,,,KO,,1-4,BLBH_TV_EVN.docx,.Độc lập (template thư giấy),true
OFF-044,OFFLINE,VND,BLBH,TG,TV,TPB,,,KO,,"1,2",BLBH_TV_TPB.docx,.Độc lập (template thư giấy),true
OFF-045,OFFLINE,VND,BLBH,TG,TV,VIT,,,KO,,1-4,BLBH_TV_VIT.docx,.Độc lập (template thư giấy),true
OFF-046,OFFLINE,VND,BLDT,TG,TV,TPB,,,KO,,"1,2",BLDT_TV_TPB.docx,.Độc lập (template thư giấy),true
OFF-047,OFFLINE,VND,BLDT,TG,TV,T07,,,KO,,1-4,BLDT_TV_TT07.docx,.Độc lập (template thư giấy),true
OFF-048,OFFLINE,VND,BLDT,TG,TV,T22,HH,,KO,,1-4,BLDT_TV_TT22_HH.docx,.Độc lập (template thư giấy),true
OFF-049,OFFLINE,VND,BLTH,TG,TV,EVN,,,KO,,1-4,BLTH_TV_EVN.docx,.Độc lập (template thư giấy),true
OFF-050,OFFLINE,VND,BLTH,TG,TV,TPB,,,KO,,"1,2",BLTH_TV_TPB.docx,.Độc lập (template thư giấy),true
OFF-051,OFFLINE,VND,BLTH,TG,TV,T07,DL,,KO,,1-4,BLTH_TV_TT07_DL.docx,.Độc lập (template thư giấy),true
OFF-052,OFFLINE,VND,BLTH,TG,TV,T07,MT,,KO,,1-4,BLTH_TV_TT07_MT (1 thụ hưởng).docx,.Độc lập (template thư giấy),true
OFF-053,OFFLINE,VND,BLTH,TG,TV,T07,MT,,KO,,1-4,BLTH_TV_TT07_MT (lô thụ hưởng).docx,.Độc lập (template thư giấy),true
OFF-054,OFFLINE,VND,BLTH,TG,TV,T22,HH,,KO,,1-4,BLTH_TV_TT22_HH.docx,.Độc lập (template thư giấy),true
OFF-055,OFFLINE,VND,BLTH,TG,TV,T22,HON_HOP,,KO,,1-4,BLTH_TV_TT22_HON_HOP.docx,.Độc lập (template thư giấy),true
OFF-056,OFFLINE,VND,BLTH,TG,TV,T22,PTV,,KO,,1-4,BLTH_TV_TT22_PTV.docx,.Độc lập (template thư giấy),true
OFF-057,OFFLINE,VND,BLTH,TG,TV,T22,TBYT,,KO,,1-4,BLTH_TV_TT22_TBYT.docx,.Độc lập (template thư giấy),true
OFF-058,OFFLINE,VND,BLTH,TG,TV,T22,XL,,KO,,1-4,BLTH_TV_TT22_XL.docx,.Độc lập (template thư giấy),true
OFF-059,OFFLINE,VND,BLTH,TG,TV,VIT,,,KO,,1-4,BLTH_TV_VIT.docx,.Độc lập (template thư giấy),true
OFF-060,OFFLINE,VND,BLTT,TG,TV,TPB,,,KO,,"1,2",BLTT_TV_TPB.docx,.Độc lập (template thư giấy),true
OFF-061,OFFLINE,VND,BLTU,TG,TV,EVN,,,KO,,1-5,BLTU_TV_EVN.docx,.Độc lập (template thư giấy),true
OFF-062,OFFLINE,VND,BLTU,TG,TV,TPB,,,KO,,"1,2",BLTU_TV_TPB (thoi han 1 + 2).docx,.Độc lập (template thư giấy),true
OFF-063,OFFLINE,VND,BLTU,TG,TV,TPB,,,KO,,5,BLTU_TV_TPB (thoi han 5).docx,.Độc lập (template thư giấy),true
OFF-064,OFFLINE,VND,BLTU,TG,TV,T22,HH,,KO,,1-5,BLTU_TV_TT22_HH.docx,.Độc lập (template thư giấy),true
OFF-065,OFFLINE,VND,BLTU,TG,TV,T22,HON_HOP,,KO,,1-5,BLTU_TV_TT22_HON_HOP.docx,.Độc lập (template thư giấy),true
OFF-066,OFFLINE,VND,BLTU,TG,TV,T22,PTV,,KO,,1-5,BLTU_TV_TT22_PTV.docx,.Độc lập (template thư giấy),true
OFF-067,OFFLINE,VND,BLTU,TG,TV,T22,TBYT,,KO,,1-5,BLTU_TV_TT22_TBYT.docx,.Độc lập (template thư giấy),true
OFF-068,OFFLINE,VND,BLTU,TG,TV,T22,XL,,KO,,1-5,BLTU_TV_TT22_XL.docx,.Độc lập (template thư giấy),true
OFF-069,OFFLINE,VND,BLTU,TG,TV,VIT,,,KO,,1-5,BLTU_TV_VIT.docx,.Độc lập (template thư giấy),true
OFF-070,OFFLINE,VND,BLBH,ĐT,TV,EVN,,,KO,,1-4,BLBH_TV_EVN.docx,.Độc lập (template thư điện tử),true
OFF-071,OFFLINE,VND,BLBH,ĐT,TV,TPB,,,KO,,"1,2",BLBH_TV_TPB.docx,.Độc lập (template thư điện tử),true
OFF-072,OFFLINE,VND,BLBH,ĐT,TV,VIT,,,KO,,1-4,BLBH_TV_VIT.docx,.Độc lập (template thư điện tử),true
OFF-073,OFFLINE,VND,BLDT,ĐT,TV,TPB,,,KO,,"1,2",BLDT_TV_TPB.docx,.Độc lập (template thư điện tử),true
OFF-074,OFFLINE,VND,BLDT,ĐT,TV,T07,,,KO,,1-4,BLDT_TV_TT07.docx,.Độc lập (template thư điện tử),true
OFF-075,OFFLINE,VND,BLDT,ĐT,TV,T22,HH,,KO,,1-4,BLDT_TV_TT22_HH.docx,.Độc lập (template thư điện tử),true
OFF-076,OFFLINE,VND,BLTH,ĐT,TV,EVN,,,KO,,1-4,BLTH_TV_EVN.docx,.Độc lập (template thư điện tử),true
OFF-077,OFFLINE,VND,BLTH,ĐT,TV,TPB,,,KO,,"1,2",BLTH_TV_TPB.docx,.Độc lập (template thư điện tử),true
OFF-078,OFFLINE,VND,BLTH,ĐT,TV,T07,DL,,KO,,1-4,BLTH_TV_TT07_DL.docx,.Độc lập (template thư điện tử),true
OFF-079,OFFLINE,VND,BLTH,ĐT,TV,T07,MT,,KO,,1-4,BLTH_TV_TT07_MT (1 thụ hưởng).docx,.Độc lập (template thư điện tử),true
OFF-080,OFFLINE,VND,BLTH,ĐT,TV,T07,MT,,KO,,1-4,BLTH_TV_TT07_MT (lô thụ hưởng).docx,.Độc lập (template thư điện tử),true
OFF-081,OFFLINE,VND,BLTH,ĐT,TV,T22,HH,,KO,,1-4,BLTH_TV_TT22_HH.docx,.Độc lập (template thư điện tử),true
OFF-082,OFFLINE,VND,BLTH,ĐT,TV,T22,HON_HOP,,KO,,1-4,BLTH_TV_TT22_HON_HOP.docx,.Độc lập (template thư điện tử),true
OFF-083,OFFLINE,VND,BLTH,ĐT,TV,T22,PTV,,KO,,1-4,BLTH_TV_TT22_PTV.docx,.Độc lập (template thư điện tử),true
OFF-084,OFFLINE,VND,BLTH,ĐT,TV,T22,TBYT,,KO,,1-4,BLTH_TV_TT22_TBYT.docx,.Độc lập (template thư điện tử),true
OFF-085,OFFLINE,VND,BLTH,ĐT,TV,T22,XL,,KO,,1-4,BLTH_TV_TT22_XL.docx,.Độc lập (template thư điện tử),true
OFF-086,OFFLINE,VND,BLTH,ĐT,TV,VIT,,,KO,,1-4,BLTH_TV_VIT.docx,.Độc lập (template thư điện tử),true
OFF-087,OFFLINE,VND,BLTT,ĐT,TV,TPB,,,KO,,"1,2",BLTT_TV_TPB.docx,.Độc lập (template thư điện tử),true
OFF-088,OFFLINE,VND,BLTU,ĐT,TV,EVN,,,KO,,1-5,BLTU_TV_EVN.docx,.Độc lập (template thư điện tử),true
OFF-089,OFFLINE,VND,BLTU,ĐT,TV,TPB,,,KO,,"1,2",BLTU_TV_TPB (thoi han 1).docx,.Độc lập (template thư điện tử),true
OFF-090,OFFLINE,VND,BLTU,ĐT,TV,TPB,,,KO,,5,BLTU_TV_TPB (thoi han 5).docx,.Độc lập (template thư điện tử),true
OFF-091,OFFLINE,VND,BLTU,ĐT,TV,T22,HH,,KO,,1-5,BLTU_TV_TT22_HH.docx,.Độc lập (template thư điện tử),true
OFF-092,OFFLINE,VND,BLTU,ĐT,TV,T22,HON_HOP,,KO,,1-5,BLTU_TV_TT22_HON_HOP.docx,.Độc lập (template thư điện tử),true
OFF-093,OFFLINE,VND,BLTU,ĐT,TV,T22,PTV,,KO,,1-5,BLTU_TV_TT22_PTV.docx,.Độc lập (template thư điện tử),true
OFF-094,OFFLINE,VND,BLTU,ĐT,TV,T22,TBYT,,KO,,1-5,BLTU_TV_TT22_TBYT.docx,.Độc lập (template thư điện tử),true
OFF-095,OFFLINE,VND,BLTU,ĐT,TV,T22,XL,,KO,,1-5,BLTU_TV_TT22_XL.docx,.Độc lập (template thư điện tử),true
OFF-096,OFFLINE,VND,BLTU,ĐT,TV,VIT,,,KO,,1-5,BLTU_TV_VIT.docx,.Độc lập (template thư điện tử),true
B8ZB-001,ONLINE_B8ZB,VND,BLDT,TG,TV,B8ZB,(xem template_file),,LD,,,LD_HH_1T.docx,B8ZB/Thư giấy/Mẫu Liên danh,false
B8ZB-002,ONLINE_B8ZB,VND,BLDT,TG,TV,B8ZB,(xem template_file),,LD,,,LD_HH_2T.docx,B8ZB/Thư giấy/Mẫu Liên danh,false
B8ZB-003,ONLINE_B8ZB,VND,BLDT,TG,TV,B8ZB,(xem template_file),,LD,,,LD_PTV_1T.docx,B8ZB/Thư giấy/Mẫu Liên danh,false
B8ZB-004,ONLINE_B8ZB,VND,BLDT,TG,TV,B8ZB,(xem template_file),,LD,,,LD_PTV_2T.docx,B8ZB/Thư giấy/Mẫu Liên danh,false
B8ZB-005,ONLINE_B8ZB,VND,BLDT,TG,TV,B8ZB,(xem template_file),,LD,,,LD_ThuocCu_1T.docx,B8ZB/Thư giấy/Mẫu Liên danh,false
B8ZB-006,ONLINE_B8ZB,VND,BLDT,TG,TV,B8ZB,(xem template_file),,LD,,,LD_ThuocMoi_1T.docx,B8ZB/Thư giấy/Mẫu Liên danh,false
B8ZB-007,ONLINE_B8ZB,VND,BLDT,TG,TV,B8ZB,(xem template_file),,LD,,,LD_XL_1T.docx,B8ZB/Thư giấy/Mẫu Liên danh,false
B8ZB-008,ONLINE_B8ZB,VND,BLDT,TG,TV,B8ZB,(xem template_file),,LD,,,LD_XL_2T.docx,B8ZB/Thư giấy/Mẫu Liên danh,false
B8ZB-009,ONLINE_B8ZB,VND,BLDT,TG,TV,B8ZB,(xem template_file),TT22,LD,,,(BLOL PHI TU VAN - HAI TUI HO SO - LIEN DANH TT22.docx,B8ZB/Thư giấy/Mẫu Liên danh/TT22,false
B8ZB-010,ONLINE_B8ZB,VND,BLDT,TG,TV,B8ZB,EC,TT22,LD,2 túi,,(BLOL) EC - HAI TUI HO SO - LIEN DANH TT22.docx,B8ZB/Thư giấy/Mẫu Liên danh/TT22,false
B8ZB-011,ONLINE_B8ZB,VND,BLDT,TG,TV,B8ZB,EC,TT22,LD,1 túi,,(BLOL) EC - MOT TUI HO SO - LIEN DANH TT22.docx,B8ZB/Thư giấy/Mẫu Liên danh/TT22,false
B8ZB-012,ONLINE_B8ZB,VND,BLDT,TG,TV,B8ZB,EP,TT22,LD,2 túi,,(BLOL) EP - HAI TUI HO SO - LIEN DANH TT22.docx,B8ZB/Thư giấy/Mẫu Liên danh/TT22,false
B8ZB-013,ONLINE_B8ZB,VND,BLDT,TG,TV,B8ZB,EP,TT22,LD,1 túi,,(BLOL) EP - MOT TUI HO SO - LIEN DANH TT22.docx,B8ZB/Thư giấy/Mẫu Liên danh/TT22,false
B8ZB-014,ONLINE_B8ZB,VND,BLDT,TG,TV,B8ZB,EPC,TT22,LD,2 túi,,(BLOL) EPC - HAI TUI HO SO - LIEN DANH TT22.docx,B8ZB/Thư giấy/Mẫu Liên danh/TT22,false
B8ZB-015,ONLINE_B8ZB,VND,BLDT,TG,TV,B8ZB,EPC,TT22,LD,1 túi,,(BLOL) EPC - MOT TUI HO SO - LIEN DANH TT22.docx,B8ZB/Thư giấy/Mẫu Liên danh/TT22,false
B8ZB-016,ONLINE_B8ZB,VND,BLDT,TG,TV,B8ZB,HANG HOA,TT22,LD,2 túi,,(BLOL) HANG HOA - HAI TUI HO SO - LIEN DANH TT22.docx,B8ZB/Thư giấy/Mẫu Liên danh/TT22,false
B8ZB-017,ONLINE_B8ZB,VND,BLDT,TG,TV,B8ZB,HANG HOA,TT22,LD,1 túi,,(BLOL) HANG HOA - MOT TUI HO SO - LIEN DANH TT22.docx,B8ZB/Thư giấy/Mẫu Liên danh/TT22,false
B8ZB-018,ONLINE_B8ZB,VND,BLDT,TG,TV,B8ZB,MUON MAY,TT22,LD,2 túi,,(BLOL) MUON MAY - HAI TUI HO SO - LIEN DANH TT22.docx,B8ZB/Thư giấy/Mẫu Liên danh/TT22,false
B8ZB-019,ONLINE_B8ZB,VND,BLDT,TG,TV,B8ZB,MUON MAY,TT22,LD,1 túi,,(BLOL) MUON MAY - MOT TUI HO SO - LIEN DANH TT22.docx,B8ZB/Thư giấy/Mẫu Liên danh/TT22,false
B8ZB-020,ONLINE_B8ZB,VND,BLDT,TG,TV,B8ZB,PC,TT22,LD,2 túi,,(BLOL) PC - HAI TUI HO SO - LIEN DANH TT22.docx,B8ZB/Thư giấy/Mẫu Liên danh/TT22,false
B8ZB-021,ONLINE_B8ZB,VND,BLDT,TG,TV,B8ZB,PC,TT22,LD,1 túi,,(BLOL) PC - MOT TUI HO SO - LIEN DANH TT22.docx,B8ZB/Thư giấy/Mẫu Liên danh/TT22,false
B8ZB-022,ONLINE_B8ZB,VND,BLDT,TG,TV,B8ZB,PHI TU VAN,TT22,LD,1 túi,,(BLOL) PHI TU VAN - MOT TUI HO SO - LIEN DANH TT22.docx,B8ZB/Thư giấy/Mẫu Liên danh/TT22,false
B8ZB-023,ONLINE_B8ZB,VND,BLDT,TG,TV,B8ZB,THUOC CU,TT22,LD,MOT GIAI DOAN MOT TUI,,(BLOL) THUOC CU - MOT GIAI DOAN MOT TUI HO SO - LIEN DANH TT22.docx,B8ZB/Thư giấy/Mẫu Liên danh/TT22,false
B8ZB-024,ONLINE_B8ZB,VND,BLDT,TG,TV,B8ZB,THUOC MOI,TT22,LD,MOT GIAI DOAN MOT TUI,,(BLOL) THUOC MOI - MOT GIAI DOAN MOT TUI HO SO - LIEN DANH.docx,B8ZB/Thư giấy/Mẫu Liên danh/TT22,false
B8ZB-025,ONLINE_B8ZB,VND,BLDT,TG,TV,B8ZB,XAY LAP,TT22,LD,2 túi,,(BLOL) XAY LAP - HAI TUI HO SO - LIEN DANH TT22.docx,B8ZB/Thư giấy/Mẫu Liên danh/TT22,false
B8ZB-026,ONLINE_B8ZB,VND,BLDT,TG,TV,B8ZB,XAY LAP,TT22,LD,1 túi,,(BLOL) XAY LAP - MOT TUI HO SO - LIEN DANH TT22.docx,B8ZB/Thư giấy/Mẫu Liên danh/TT22,false
B8ZB-027,ONLINE_B8ZB,VND,BLDT,TG,TV,B8ZB,THUOC CU,TT40,LD,MOT GIAI DOAN HAI TUI,,(BLOL) THUOC CU - MOT GIAI DOAN HAI TUI HO SO - LIEN DANH TT40.docx,B8ZB/Thư giấy/Mẫu Liên danh/TT40,false
B8ZB-028,ONLINE_B8ZB,VND,BLDT,TG,TV,B8ZB,THUOC CU,TT40,LD,MOT GIAI DOAN MOT TUI,,(BLOL) THUOC CU - MOT GIAI DOAN MOT TUI HO SO - LIEN DANH TT40.docx,B8ZB/Thư giấy/Mẫu Liên danh/TT40,false
B8ZB-029,ONLINE_B8ZB,VND,BLDT,TG,TV,B8ZB,THUOC MOI,TT40,LD,MOT GIAI DOAN HAI TUI,,(BLOL) THUOC MOI - MOT GIAI DOAN HAI TUI HO SO - LIEN DANH TT40.docx,B8ZB/Thư giấy/Mẫu Liên danh/TT40,false
B8ZB-030,ONLINE_B8ZB,VND,BLDT,TG,TV,B8ZB,THUOC MOI,TT40,LD,MOT GIAI DOAN MOT TUI,,(BLOL) THUOC MOI - MOT GIAI DOAN MOT TUI HO SO - LIEN DANH TT40.docx,B8ZB/Thư giấy/Mẫu Liên danh/TT40,false
B8ZB-031,ONLINE_B8ZB,VND,BLDT,TG,TV,B8ZB,EC,TT79,LD,2 túi,,(BLOL) EC - HAI TUI HO SO - LIEN DANH TT79.docx,B8ZB/Thư giấy/Mẫu Liên danh/TT79,true
B8ZB-032,ONLINE_B8ZB,VND,BLDT,TG,TV,B8ZB,EC,TT79,LD,1 túi,,(BLOL) EC - MOT TUI HO SO - LIEN DANH TT79.docx,B8ZB/Thư giấy/Mẫu Liên danh/TT79,true
B8ZB-033,ONLINE_B8ZB,VND,BLDT,TG,TV,B8ZB,EP,TT79,LD,2 túi,,(BLOL) EP - HAI TUI HO SO - LIEN DANH TT79.docx,B8ZB/Thư giấy/Mẫu Liên danh/TT79,true
B8ZB-034,ONLINE_B8ZB,VND,BLDT,TG,TV,B8ZB,EP,TT79,LD,1 túi,,(BLOL) EP - MOT TUI HO SO - LIEN DANH TT79.docx,B8ZB/Thư giấy/Mẫu Liên danh/TT79,true
B8ZB-035,ONLINE_B8ZB,VND,BLDT,TG,TV,B8ZB,EPC,TT79,LD,2 túi,,(BLOL) EPC - HAI TUI HO SO - LIEN DANH TT79.docx,B8ZB/Thư giấy/Mẫu Liên danh/TT79,true
B8ZB-036,ONLINE_B8ZB,VND,BLDT,TG,TV,B8ZB,EPC,TT79,LD,1 túi,,(BLOL) EPC - MOT TUI HO SO - LIEN DANH TT79.docx,B8ZB/Thư giấy/Mẫu Liên danh/TT79,true
B8ZB-037,ONLINE_B8ZB,VND,BLDT,TG,TV,B8ZB,HANG HOA,TT79,LD,2 túi,,(BLOL) HANG HOA - HAI TUI HO SO - LIEN DANH TT79.docx,B8ZB/Thư giấy/Mẫu Liên danh/TT79,true
B8ZB-038,ONLINE_B8ZB,VND,BLDT,TG,TV,B8ZB,HANG HOA,TT79,LD,1 túi,,(BLOL) HANG HOA - MOT TUI HO SO - LIEN DANH TT79.docx,B8ZB/Thư giấy/Mẫu Liên danh/TT79,true
B8ZB-039,ONLINE_B8ZB,VND,BLDT,TG,TV,B8ZB,MUON MAY,TT79,LD,2 túi,,(BLOL) MUON MAY - HAI TUI HO SO - LIEN DANH TT79.docx,B8ZB/Thư giấy/Mẫu Liên danh/TT79,true
B8ZB-040,ONLINE_B8ZB,VND,BLDT,TG,TV,B8ZB,MUON MAY,TT79,LD,1 túi,,(BLOL) MUON MAY - MOT TUI HO SO - LIEN DANH TT79.docx,B8ZB/Thư giấy/Mẫu Liên danh/TT79,true
B8ZB-041,ONLINE_B8ZB,VND,BLDT,TG,TV,B8ZB,PC,TT79,LD,2 túi,,(BLOL) PC - HAI TUI HO SO - LIEN DANH TT79.docx,B8ZB/Thư giấy/Mẫu Liên danh/TT79,true
B8ZB-042,ONLINE_B8ZB,VND,BLDT,TG,TV,B8ZB,PC,TT79,LD,1 túi,,(BLOL) PC - MOT TUI HO SO - LIEN DANH TT79.docx,B8ZB/Thư giấy/Mẫu Liên danh/TT79,true
B8ZB-043,ONLINE_B8ZB,VND,BLDT,TG,TV,B8ZB,PHI TU VAN,TT79,LD,2 túi,,(BLOL) PHI TU VAN - HAI TUI HO SO - LIEN DANH TT79.docx,B8ZB/Thư giấy/Mẫu Liên danh/TT79,true
B8ZB-044,ONLINE_B8ZB,VND,BLDT,TG,TV,B8ZB,PHI TU VAN,TT79,LD,1 túi,,(BLOL) PHI TU VAN - MOT TUI HO SO - LIEN DANH TT79.docx,B8ZB/Thư giấy/Mẫu Liên danh/TT79,true
B8ZB-045,ONLINE_B8ZB,VND,BLDT,TG,TV,B8ZB,THUOC CU,TT79,LD,MOT GIAI DOAN MOT TUI,,(BLOL) THUOC CU - MOT GIAI DOAN MOT TUI HO SO - LIEN DANH TT79.docx,B8ZB/Thư giấy/Mẫu Liên danh/TT79,true
B8ZB-046,ONLINE_B8ZB,VND,BLDT,TG,TV,B8ZB,THUOC MOI,TT79,LD,MOT GIAI DOAN MOT TUI,,(BLOL) THUOC MOI - MOT GIAI DOAN MOT TUI HO SO - LIEN DANH.docx,B8ZB/Thư giấy/Mẫu Liên danh/TT79,true
B8ZB-047,ONLINE_B8ZB,VND,BLDT,TG,TV,B8ZB,XAY LAP,TT79,LD,2 túi,,(BLOL) XAY LAP - HAI TUI HO SO - LIEN DANH TT79.docx,B8ZB/Thư giấy/Mẫu Liên danh/TT79,true
B8ZB-048,ONLINE_B8ZB,VND,BLDT,TG,TV,B8ZB,XAY LAP,TT79,LD,1 túi,,(BLOL) XAY LAP - MOT TUI HO SO - LIEN DANH TT79.docx,B8ZB/Thư giấy/Mẫu Liên danh/TT79,true
B8ZB-049,ONLINE_B8ZB,VND,BLDT,TG,TV,B8ZB,(xem template_file),TT06-07,KO,,,HANG HOA - MOT GIAI DOAN HAI TUI HO SO - DOC LAP TT06.docx,B8ZB/Thư giấy/Mẫu Độc lập/TT06-07,false
B8ZB-050,ONLINE_B8ZB,VND,BLDT,TG,TV,B8ZB,(xem template_file),TT06-07,KO,,,HANG HOA - MOT GIAI DOAN MOT TUI HO SO - DOC LAP TT06.docx,B8ZB/Thư giấy/Mẫu Độc lập/TT06-07,false
B8ZB-051,ONLINE_B8ZB,VND,BLDT,TG,TV,B8ZB,(xem template_file),TT06-07,KO,,,Mẫu thư bảo lãnh dự thầu Offline (không qua mạng).docx,B8ZB/Thư giấy/Mẫu Độc lập/TT06-07,false
B8ZB-052,ONLINE_B8ZB,VND,BLDT,TG,TV,B8ZB,(xem template_file),TT06-07,KO,,,PHI TU VAN - MOT GIAI DOAN HAI TUI HO SO - DOC LAP TT06.docx,B8ZB/Thư giấy/Mẫu Độc lập/TT06-07,false
B8ZB-053,ONLINE_B8ZB,VND,BLDT,TG,TV,B8ZB,(xem template_file),TT06-07,KO,,,PHI TU VAN - MOT GIAI DOAN MOT TUI HO SO - DOC LAP TT06.docx,B8ZB/Thư giấy/Mẫu Độc lập/TT06-07,false
B8ZB-054,ONLINE_B8ZB,VND,BLDT,TG,TV,B8ZB,(xem template_file),TT06-07,KO,,,THUOC CU - MOT GIAI DOAN MOT TUI HO SO - DOC LAP TT07.docx,B8ZB/Thư giấy/Mẫu Độc lập/TT06-07,false
B8ZB-055,ONLINE_B8ZB,VND,BLDT,TG,TV,B8ZB,(xem template_file),TT06-07,KO,,,THUOC MOI - MOT GIAI DOAN MOT TUI HO SO - DOC LAP TT07.docx,B8ZB/Thư giấy/Mẫu Độc lập/TT06-07,false
B8ZB-056,ONLINE_B8ZB,VND,BLDT,TG,TV,B8ZB,(xem template_file),TT06-07,KO,,,XAY LAP - MOT GIAI DOAN HAI TUI HO SO - DOC LAP TT06.docx,B8ZB/Thư giấy/Mẫu Độc lập/TT06-07,false
B8ZB-057,ONLINE_B8ZB,VND,BLDT,TG,TV,B8ZB,(xem template_file),TT06-07,KO,,,XAY LAP - MOT GIAI DOAN MOT TUI HO SO - DOC LAP TT06.docx,B8ZB/Thư giấy/Mẫu Độc lập/TT06-07,false
B8ZB-058,ONLINE_B8ZB,VND,BLDT,TG,TV,B8ZB,EC,TT22,KO,2 túi,,(BLOL) EC - HAI TUI HO SO - DOC LAP TT22.docx,B8ZB/Thư giấy/Mẫu Độc lập/TT22,false
B8ZB-059,ONLINE_B8ZB,VND,BLDT,TG,TV,B8ZB,EC,TT22,KO,1 túi,,(BLOL) EC - MOT TUI HO SO - DOC LAP TT22.docx,B8ZB/Thư giấy/Mẫu Độc lập/TT22,false
B8ZB-060,ONLINE_B8ZB,VND,BLDT,TG,TV,B8ZB,EP,TT22,KO,2 túi,,(BLOL) EP - HAI TUI HO SO - DOC LAP TT22.docx,B8ZB/Thư giấy/Mẫu Độc lập/TT22,false
B8ZB-061,ONLINE_B8ZB,VND,BLDT,TG,TV,B8ZB,EP,TT22,KO,1 túi,,(BLOL) EP - MOT TUI HO SO - DOC LAP TT22.docx,B8ZB/Thư giấy/Mẫu Độc lập/TT22,false
B8ZB-062,ONLINE_B8ZB,VND,BLDT,TG,TV,B8ZB,EPC,TT22,KO,2 túi,,(BLOL) EPC - HAI TUI HO SO - DOC LAP TT22.docx,B8ZB/Thư giấy/Mẫu Độc lập/TT22,false
B8ZB-063,ONLINE_B8ZB,VND,BLDT,TG,TV,B8ZB,EPC,TT22,KO,1 túi,,(BLOL) EPC - MOT TUI HO SO - DOC LAP TT22.docx,B8ZB/Thư giấy/Mẫu Độc lập/TT22,false
B8ZB-064,ONLINE_B8ZB,VND,BLDT,TG,TV,B8ZB,HANG HOA,TT22,KO,2 túi,,(BLOL) HANG HOA - HAI TUI HO SO - DOC LAP TT22.docx,B8ZB/Thư giấy/Mẫu Độc lập/TT22,false
B8ZB-065,ONLINE_B8ZB,VND,BLDT,TG,TV,B8ZB,HANG HOA,TT22,KO,1 túi,,(BLOL) HANG HOA - MOT TUI HO SO - DOC LAP TT22.docx,B8ZB/Thư giấy/Mẫu Độc lập/TT22,false
B8ZB-066,ONLINE_B8ZB,VND,BLDT,TG,TV,B8ZB,MUON MAY,TT22,KO,2 túi,,(BLOL) MUON MAY - HAI TUI HO SO - DOC LAP TT22.docx,B8ZB/Thư giấy/Mẫu Độc lập/TT22,false
B8ZB-067,ONLINE_B8ZB,VND,BLDT,TG,TV,B8ZB,MUON MAY,TT22,KO,1 túi,,(BLOL) MUON MAY - MOT TUI HO SO - DOC LAP TT22.docx,B8ZB/Thư giấy/Mẫu Độc lập/TT22,false
B8ZB-068,ONLINE_B8ZB,VND,BLDT,TG,TV,B8ZB,PC,TT22,KO,2 túi,,(BLOL) PC - HAI TUI HO SO - DOC LAP TT22.docx,B8ZB/Thư giấy/Mẫu Độc lập/TT22,false
B8ZB-069,ONLINE_B8ZB,VND,BLDT,TG,TV,B8ZB,PC,TT22,KO,1 túi,,(BLOL) PC - MOT TUI HO SO - DOC LAP TT22.docx,B8ZB/Thư giấy/Mẫu Độc lập/TT22,false
B8ZB-070,ONLINE_B8ZB,VND,BLDT,TG,TV,B8ZB,PHI TU VAN,TT22,KO,2 túi,,(BLOL) PHI TU VAN - HAI TUI HO SO - DOC LAP TT22.docx,B8ZB/Thư giấy/Mẫu Độc lập/TT22,false
B8ZB-071,ONLINE_B8ZB,VND,BLDT,TG,TV,B8ZB,PHI TU VAN,TT22,KO,1 túi,,(BLOL) PHI TU VAN - MOT TUI HO SO - DOC LAP TT22.docx,B8ZB/Thư giấy/Mẫu Độc lập/TT22,false
B8ZB-072,ONLINE_B8ZB,VND,BLDT,TG,TV,B8ZB,THUOC CU,TT22,KO,MOT GIAI DOAN MOT TUI,,(BLOL) THUOC CU - MOT GIAI DOAN MOT TUI HO SO - DOC LAP TT22.docx,B8ZB/Thư giấy/Mẫu Độc lập/TT22,false
B8ZB-073,ONLINE_B8ZB,VND,BLDT,TG,TV,B8ZB,THUOC MOI,TT22,KO,MOT GIAI DOAN MOT TUI,,(BLOL) THUOC MOI - MOT GIAI DOAN MOT TUI HO SO - DOC LAP TT22.docx,B8ZB/Thư giấy/Mẫu Độc lập/TT22,false
B8ZB-074,ONLINE_B8ZB,VND,BLDT,TG,TV,B8ZB,XAY LAP,TT22,KO,2 túi,,(BLOL) XAY LAP - HAI TUI HO SO - DOC LAP TT22.docx,B8ZB/Thư giấy/Mẫu Độc lập/TT22,false
B8ZB-075,ONLINE_B8ZB,VND,BLDT,TG,TV,B8ZB,XAY LAP,TT22,KO,1 túi,,(BLOL) XAY LAP - MOT TUI HO SO - DOC LAP TT22.docx,B8ZB/Thư giấy/Mẫu Độc lập/TT22,false
B8ZB-076,ONLINE_B8ZB,VND,BLDT,TG,TV,B8ZB,THUOC CU,TT40,KO,MOT GIAI DOAN HAI TUI,,(BLOL) THUOC CU - MOT GIAI DOAN HAI TUI HO SO - DOC LAP TT40.docx,B8ZB/Thư giấy/Mẫu Độc lập/TT40,false
B8ZB-077,ONLINE_B8ZB,VND,BLDT,TG,TV,B8ZB,THUOC CU,TT40,KO,MOT GIAI DOAN MOT TUI,,(BLOL) THUOC CU - MOT GIAI DOAN MOT TUI HO SO - DOC LAP TT40.docx,B8ZB/Thư giấy/Mẫu Độc lập/TT40,false
B8ZB-078,ONLINE_B8ZB,VND,BLDT,TG,TV,B8ZB,THUOC MOI,TT40,KO,MOT GIAI DOAN HAI TUI,,(BLOL) THUOC MOI - MOT GIAI DOAN HAI TUI HO SO - DOC LAP TT40.docx,B8ZB/Thư giấy/Mẫu Độc lập/TT40,false
B8ZB-079,ONLINE_B8ZB,VND,BLDT,TG,TV,B8ZB,THUOC MOI,TT40,KO,MOT GIAI DOAN MOT TUI,,(BLOL) THUOC MOI - MOT GIAI DOAN MOT TUI HO SO - DOC LAP TT40.docx,B8ZB/Thư giấy/Mẫu Độc lập/TT40,false
B8ZB-080,ONLINE_B8ZB,VND,BLDT,TG,TV,B8ZB,EC,TT79,KO,2 túi,,(BLOL) EC - HAI TUI HO SO - DOC LAP TT79.docx,B8ZB/Thư giấy/Mẫu Độc lập/TT79,true
B8ZB-081,ONLINE_B8ZB,VND,BLDT,TG,TV,B8ZB,EC,TT79,KO,1 túi,,(BLOL) EC - MOT TUI HO SO - DOC LAP TT79.docx,B8ZB/Thư giấy/Mẫu Độc lập/TT79,true
B8ZB-082,ONLINE_B8ZB,VND,BLDT,TG,TV,B8ZB,EP,TT79,KO,2 túi,,(BLOL) EP - HAI TUI HO SO - DOC LAP TT79.docx,B8ZB/Thư giấy/Mẫu Độc lập/TT79,true
B8ZB-083,ONLINE_B8ZB,VND,BLDT,TG,TV,B8ZB,EP,TT79,KO,1 túi,,(BLOL) EP - MOT TUI HO SO - DOC LAP TT79.docx,B8ZB/Thư giấy/Mẫu Độc lập/TT79,true
B8ZB-084,ONLINE_B8ZB,VND,BLDT,TG,TV,B8ZB,EPC,TT79,KO,2 túi,,(BLOL) EPC - HAI TUI HO SO - DOC LAP TT79.docx,B8ZB/Thư giấy/Mẫu Độc lập/TT79,true
B8ZB-085,ONLINE_B8ZB,VND,BLDT,TG,TV,B8ZB,EPC,TT79,KO,1 túi,,(BLOL) EPC - MOT TUI HO SO - DOC LAP TT79.docx,B8ZB/Thư giấy/Mẫu Độc lập/TT79,true
B8ZB-086,ONLINE_B8ZB,VND,BLDT,TG,TV,B8ZB,HANG HOA,TT79,KO,2 túi,,(BLOL) HANG HOA - HAI TUI HO SO - DOC LAP TT79.docx,B8ZB/Thư giấy/Mẫu Độc lập/TT79,true
B8ZB-087,ONLINE_B8ZB,VND,BLDT,TG,TV,B8ZB,HANG HOA,TT79,KO,1 túi,,(BLOL) HANG HOA - MOT TUI HO SO - DOC LAP TT79.docx,B8ZB/Thư giấy/Mẫu Độc lập/TT79,true
B8ZB-088,ONLINE_B8ZB,VND,BLDT,TG,TV,B8ZB,MUON MAY,TT79,KO,2 túi,,(BLOL) MUON MAY - HAI TUI HO SO - DOC LAP TT79.docx,B8ZB/Thư giấy/Mẫu Độc lập/TT79,true
B8ZB-089,ONLINE_B8ZB,VND,BLDT,TG,TV,B8ZB,MUON MAY,TT79,KO,1 túi,,(BLOL) MUON MAY - MOT TUI HO SO - DOC LAP TT79.docx,B8ZB/Thư giấy/Mẫu Độc lập/TT79,true
B8ZB-090,ONLINE_B8ZB,VND,BLDT,TG,TV,B8ZB,PC,TT79,KO,2 túi,,(BLOL) PC - HAI TUI HO SO - DOC LAP TT79.docx,B8ZB/Thư giấy/Mẫu Độc lập/TT79,true
B8ZB-091,ONLINE_B8ZB,VND,BLDT,TG,TV,B8ZB,PC,TT79,KO,1 túi,,(BLOL) PC - MOT TUI HO SO - DOC LAP TT79.docx,B8ZB/Thư giấy/Mẫu Độc lập/TT79,true
B8ZB-092,ONLINE_B8ZB,VND,BLDT,TG,TV,B8ZB,PHI TU VAN,TT79,KO,2 túi,,(BLOL) PHI TU VAN - HAI TUI HO SO - DOC LAP TT79.docx,B8ZB/Thư giấy/Mẫu Độc lập/TT79,true
B8ZB-093,ONLINE_B8ZB,VND,BLDT,TG,TV,B8ZB,PHI TU VAN,TT79,KO,1 túi,,(BLOL) PHI TU VAN - MOT TUI HO SO - DOC LAP TT79.docx,B8ZB/Thư giấy/Mẫu Độc lập/TT79,true
B8ZB-094,ONLINE_B8ZB,VND,BLDT,TG,TV,B8ZB,THUOC CU,TT79,KO,MOT GIAI DOAN MOT TUI,,(BLOL) THUOC CU - MOT GIAI DOAN MOT TUI HO SO - DOC LAP TT79.docx,B8ZB/Thư giấy/Mẫu Độc lập/TT79,true
B8ZB-095,ONLINE_B8ZB,VND,BLDT,TG,TV,B8ZB,THUOC MOI,TT79,KO,MOT GIAI DOAN MOT TUI,,(BLOL) THUOC MOI - MOT GIAI DOAN MOT TUI HO SO - DOC LAP TT79.docx,B8ZB/Thư giấy/Mẫu Độc lập/TT79,true
B8ZB-096,ONLINE_B8ZB,VND,BLDT,TG,TV,B8ZB,XAY LAP,TT79,KO,2 túi,,(BLOL) XAY LAP - HAI TUI HO SO - DOC LAP TT79.docx,B8ZB/Thư giấy/Mẫu Độc lập/TT79,true
B8ZB-097,ONLINE_B8ZB,VND,BLDT,TG,TV,B8ZB,XAY LAP,TT79,KO,1 túi,,(BLOL) XAY LAP - MOT TUI HO SO - DOC LAP TT79.docx,B8ZB/Thư giấy/Mẫu Độc lập/TT79,true
B8ZB-098,ONLINE_B8ZB,VND,BLDT,ĐT,TV,B8ZB,HANG HOA,TT06-07,LD,MOT GIAI DOAN HAI TUI,,(BLOL) HANG HOA - MOT GIAI DOAN HAI TUI HO SO - LIEN DANH TT06.docx,B8ZB/Thư điện tử/Mẫu Liên danh/TT06-07,false
B8ZB-099,ONLINE_B8ZB,VND,BLDT,ĐT,TV,B8ZB,HANG HOA,TT06-07,LD,MOT GIAI DOAN MOT TUI,,(BLOL) HANG HOA - MOT GIAI DOAN MOT TUI HO SO - LIEN DANH TT06.docx,B8ZB/Thư điện tử/Mẫu Liên danh/TT06-07,false
B8ZB-100,ONLINE_B8ZB,VND,BLDT,ĐT,TV,B8ZB,PHI TU VAN,TT06-07,LD,MOT GIAI DOAN HAI TUI,,(BLOL) PHI TU VAN - MOT GIAI DOAN HAI TUI HO SO - LIEN DANH TT06.docx,B8ZB/Thư điện tử/Mẫu Liên danh/TT06-07,false
B8ZB-101,ONLINE_B8ZB,VND,BLDT,ĐT,TV,B8ZB,PHI TU VAN,TT06-07,LD,MOT GIAI DOAN MOT TUI,,(BLOL) PHI TU VAN - MOT GIAI DOAN MOT TUI HO SO - LIEN DANH TT06.docx,B8ZB/Thư điện tử/Mẫu Liên danh/TT06-07,false
B8ZB-102,ONLINE_B8ZB,VND,BLDT,ĐT,TV,B8ZB,THUOC CU,TT06-07,LD,MOT GIAI DOAN MOT TUI,,(BLOL) THUOC CU - MOT GIAI DOAN MOT TUI HO SO - LIEN DANH TT07.docx,B8ZB/Thư điện tử/Mẫu Liên danh/TT06-07,false
B8ZB-103,ONLINE_B8ZB,VND,BLDT,ĐT,TV,B8ZB,THUOC MOI,TT06-07,LD,MOT GIAI DOAN MOT TUI,,(BLOL) THUOC MOI - MOT GIAI DOAN MOT TUI HO SO - LIEN DANH TT07.docx,B8ZB/Thư điện tử/Mẫu Liên danh/TT06-07,false
B8ZB-104,ONLINE_B8ZB,VND,BLDT,ĐT,TV,B8ZB,XAY LAP,TT06-07,LD,MOT GIAI DOAN HAI TUI,,(BLOL) XAY LAP - MOT GIAI DOAN HAI TUI HO SO - LIEN DANH TT06.docx,B8ZB/Thư điện tử/Mẫu Liên danh/TT06-07,false
B8ZB-105,ONLINE_B8ZB,VND,BLDT,ĐT,TV,B8ZB,XAY LAP,TT06-07,LD,MOT GIAI DOAN MOT TUI,,(BLOL) XAY LAP - MOT GIAI DOAN MOT TUI HO SO - LIEN DANH TT06.docx,B8ZB/Thư điện tử/Mẫu Liên danh/TT06-07,false
B8ZB-106,ONLINE_B8ZB,VND,BLDT,ĐT,TV,B8ZB,(xem template_file),TT22,LD,,,(BLOL) CGTT - HANG HOA MTHS - LIEN DANH TT22.docx,B8ZB/Thư điện tử/Mẫu Liên danh/TT22,false
B8ZB-107,ONLINE_B8ZB,VND,BLDT,ĐT,TV,B8ZB,(xem template_file),TT22,LD,,,(BLOL) CGTT - PHI TU VAN MTHS - LIEN DANH TT22.docx,B8ZB/Thư điện tử/Mẫu Liên danh/TT22,false
B8ZB-108,ONLINE_B8ZB,VND,BLDT,ĐT,TV,B8ZB,EC,TT22,LD,2 túi,,(BLOL) EC - HAI TUI HO SO - LIEN DANH TT22.docx,B8ZB/Thư điện tử/Mẫu Liên danh/TT22,false
B8ZB-109,ONLINE_B8ZB,VND,BLDT,ĐT,TV,B8ZB,EC,TT22,LD,1 túi,,(BLOL) EC - MOT TUI HO SO - LIEN DANH TT22.docx,B8ZB/Thư điện tử/Mẫu Liên danh/TT22,false
B8ZB-110,ONLINE_B8ZB,VND,BLDT,ĐT,TV,B8ZB,EP,TT22,LD,2 túi,,(BLOL) EP - HAI TUI HO SO - LIEN DANH TT22.docx,B8ZB/Thư điện tử/Mẫu Liên danh/TT22,false
B8ZB-111,ONLINE_B8ZB,VND,BLDT,ĐT,TV,B8ZB,EP,TT22,LD,1 túi,,(BLOL) EP - MOT TUI HO SO - LIEN DANH TT22.docx,B8ZB/Thư điện tử/Mẫu Liên danh/TT22,false
B8ZB-112,ONLINE_B8ZB,VND,BLDT,ĐT,TV,B8ZB,EPC,TT22,LD,2 túi,,(BLOL) EPC - HAI TUI HO SO - LIEN DANH TT22.docx,B8ZB/Thư điện tử/Mẫu Liên danh/TT22,false
B8ZB-113,ONLINE_B8ZB,VND,BLDT,ĐT,TV,B8ZB,EPC,TT22,LD,1 túi,,(BLOL) EPC - MOT TUI HO SO - LIEN DANH TT22.docx,B8ZB/Thư điện tử/Mẫu Liên danh/TT22,false
B8ZB-114,ONLINE_B8ZB,VND,BLDT,ĐT,TV,B8ZB,HANG HOA,TT22,LD,2 túi,,(BLOL) HANG HOA - HAI TUI HO SO - LIEN DANH TT22.docx,B8ZB/Thư điện tử/Mẫu Liên danh/TT22,false
B8ZB-115,ONLINE_B8ZB,VND,BLDT,ĐT,TV,B8ZB,HANG HOA,TT22,LD,1 túi,,(BLOL) HANG HOA - MOT TUI HO SO - LIEN DANH TT22.docx,B8ZB/Thư điện tử/Mẫu Liên danh/TT22,false
B8ZB-116,ONLINE_B8ZB,VND,BLDT,ĐT,TV,B8ZB,MUON MAY,TT22,LD,2 túi,,(BLOL) MUON MAY - HAI TUI HO SO - LIEN DANH TT22.docx,B8ZB/Thư điện tử/Mẫu Liên danh/TT22,false
B8ZB-117,ONLINE_B8ZB,VND,BLDT,ĐT,TV,B8ZB,MUON MAY,TT22,LD,1 túi,,(BLOL) MUON MAY - MOT TUI HO SO - LIEN DANH TT22.docx,B8ZB/Thư điện tử/Mẫu Liên danh/TT22,false
B8ZB-118,ONLINE_B8ZB,VND,BLDT,ĐT,TV,B8ZB,PC,TT22,LD,2 túi,,(BLOL) PC - HAI TUI HO SO - LIEN DANH TT22.docx,B8ZB/Thư điện tử/Mẫu Liên danh/TT22,false
B8ZB-119,ONLINE_B8ZB,VND,BLDT,ĐT,TV,B8ZB,PC,TT22,LD,1 túi,,(BLOL) PC - MOT TUI HO SO - LIEN DANH TT22.docx,B8ZB/Thư điện tử/Mẫu Liên danh/TT22,false
B8ZB-120,ONLINE_B8ZB,VND,BLDT,ĐT,TV,B8ZB,PHI TU VAN,TT22,LD,2 túi,,(BLOL) PHI TU VAN - HAI TUI HO SO - LIEN DANH TT22.docx,B8ZB/Thư điện tử/Mẫu Liên danh/TT22,false
B8ZB-121,ONLINE_B8ZB,VND,BLDT,ĐT,TV,B8ZB,PHI TU VAN,TT22,LD,1 túi,,(BLOL) PHI TU VAN - MOT TUI HO SO - LIEN DANH TT22.docx,B8ZB/Thư điện tử/Mẫu Liên danh/TT22,false
B8ZB-122,ONLINE_B8ZB,VND,BLDT,ĐT,TV,B8ZB,XAY LAP,TT22,LD,2 túi,,(BLOL) XAY LAP - HAI TUI HO SO - LIEN DANH TT22.docx,B8ZB/Thư điện tử/Mẫu Liên danh/TT22,false
B8ZB-123,ONLINE_B8ZB,VND,BLDT,ĐT,TV,B8ZB,XAY LAP,TT22,LD,1 túi,,(BLOL) XAY LAP - MOT TUI HO SO - LIEN DANH TT22.docx,B8ZB/Thư điện tử/Mẫu Liên danh/TT22,false
B8ZB-124,ONLINE_B8ZB,VND,BLDT,ĐT,TV,B8ZB,THUOC CU,TT40,LD,MOT GIAI DOAN MOT TUI,,(BLOL) THUOC CU - MOT GIAI DOAN MOT TUI HO SO - LIEN DANH TT40.docx,B8ZB/Thư điện tử/Mẫu Liên danh/TT40,false
B8ZB-125,ONLINE_B8ZB,VND,BLDT,ĐT,TV,B8ZB,THUOC MOI,TT40,LD,MOT GIAI DOAN MOT TUI,,(BLOL) THUOC MOI - MOT GIAI DOAN MOT TUI HO SO - LIEN DANH TT40.docx,B8ZB/Thư điện tử/Mẫu Liên danh/TT40,false
B8ZB-126,ONLINE_B8ZB,VND,BLDT,ĐT,TV,B8ZB,EC,TT79,LD,2 túi,,(BLOL) EC - HAI TUI HO SO - LIEN DANH TT79.docx,B8ZB/Thư điện tử/Mẫu Liên danh/TT79,true
B8ZB-127,ONLINE_B8ZB,VND,BLDT,ĐT,TV,B8ZB,EC,TT79,LD,1 túi,,(BLOL) EC - MOT TUI HO SO - LIEN DANH TT79.docx,B8ZB/Thư điện tử/Mẫu Liên danh/TT79,true
B8ZB-128,ONLINE_B8ZB,VND,BLDT,ĐT,TV,B8ZB,EP,TT79,LD,2 túi,,(BLOL) EP - HAI TUI HO SO - LIEN DANH TT79.docx,B8ZB/Thư điện tử/Mẫu Liên danh/TT79,true
B8ZB-129,ONLINE_B8ZB,VND,BLDT,ĐT,TV,B8ZB,EP,TT79,LD,1 túi,,(BLOL) EP - MOT TUI HO SO - LIEN DANH TT79.docx,B8ZB/Thư điện tử/Mẫu Liên danh/TT79,true
B8ZB-130,ONLINE_B8ZB,VND,BLDT,ĐT,TV,B8ZB,EPC,TT79,LD,2 túi,,(BLOL) EPC - HAI TUI HO SO - LIEN DANH TT79.docx,B8ZB/Thư điện tử/Mẫu Liên danh/TT79,true
B8ZB-131,ONLINE_B8ZB,VND,BLDT,ĐT,TV,B8ZB,EPC,TT79,LD,1 túi,,(BLOL) EPC - MOT TUI HO SO - LIEN DANH TT79.docx,B8ZB/Thư điện tử/Mẫu Liên danh/TT79,true
B8ZB-132,ONLINE_B8ZB,VND,BLDT,ĐT,TV,B8ZB,HANG HOA,TT79,LD,2 túi,,(BLOL) HANG HOA - HAI TUI HO SO - LIEN DANH TT79.docx,B8ZB/Thư điện tử/Mẫu Liên danh/TT79,true
B8ZB-133,ONLINE_B8ZB,VND,BLDT,ĐT,TV,B8ZB,HANG HOA,TT79,LD,1 túi,,(BLOL) HANG HOA - MOT TUI HO SO - LIEN DANH TT79.docx,B8ZB/Thư điện tử/Mẫu Liên danh/TT79,true
B8ZB-134,ONLINE_B8ZB,VND,BLDT,ĐT,TV,B8ZB,MUON MAY,TT79,LD,2 túi,,(BLOL) MUON MAY - HAI TUI HO SO - LIEN DANH TT79.docx,B8ZB/Thư điện tử/Mẫu Liên danh/TT79,true
B8ZB-135,ONLINE_B8ZB,VND,BLDT,ĐT,TV,B8ZB,MUON MAY,TT79,LD,1 túi,,(BLOL) MUON MAY - MOT TUI HO SO - LIEN DANH TT79.docx,B8ZB/Thư điện tử/Mẫu Liên danh/TT79,true
B8ZB-136,ONLINE_B8ZB,VND,BLDT,ĐT,TV,B8ZB,PC,TT79,LD,2 túi,,(BLOL) PC - HAI TUI HO SO - LIEN DANH TT79.docx,B8ZB/Thư điện tử/Mẫu Liên danh/TT79,true
B8ZB-137,ONLINE_B8ZB,VND,BLDT,ĐT,TV,B8ZB,PC,TT79,LD,1 túi,,(BLOL) PC - MOT TUI HO SO - LIEN DANH TT79.docx,B8ZB/Thư điện tử/Mẫu Liên danh/TT79,true
B8ZB-138,ONLINE_B8ZB,VND,BLDT,ĐT,TV,B8ZB,PHI TU VAN,TT79,LD,2 túi,,(BLOL) PHI TU VAN - HAI TUI HO SO - LIEN DANH TT79.docx,B8ZB/Thư điện tử/Mẫu Liên danh/TT79,true
B8ZB-139,ONLINE_B8ZB,VND,BLDT,ĐT,TV,B8ZB,PHI TU VAN,TT79,LD,1 túi,,(BLOL) PHI TU VAN - MOT TUI HO SO - LIEN DANH TT79.docx,B8ZB/Thư điện tử/Mẫu Liên danh/TT79,true
B8ZB-140,ONLINE_B8ZB,VND,BLDT,ĐT,TV,B8ZB,THUOC CU,TT79,LD,MOT GIAI DOAN MOT TUI,,(BLOL) THUOC CU - MOT GIAI DOAN MOT TUI HO SO - LIEN DANH.docx,B8ZB/Thư điện tử/Mẫu Liên danh/TT79,true
B8ZB-141,ONLINE_B8ZB,VND,BLDT,ĐT,TV,B8ZB,THUOC MOI,TT79,LD,MOT GIAI DOAN MOT TUI,,(BLOL) THUOC MOI - MOT GIAI DOAN MOT TUI HO SO - LIEN DANH.docx,B8ZB/Thư điện tử/Mẫu Liên danh/TT79,true
B8ZB-142,ONLINE_B8ZB,VND,BLDT,ĐT,TV,B8ZB,XAY LAP,TT79,LD,2 túi,,(BLOL) XAY LAP - HAI TUI HO SO - LIEN DANH TT79.docx,B8ZB/Thư điện tử/Mẫu Liên danh/TT79,true
B8ZB-143,ONLINE_B8ZB,VND,BLDT,ĐT,TV,B8ZB,XAY LAP,TT79,LD,1 túi,,(BLOL) XAY LAP - MOT TUI HO SO - LIEN DANH TT79.docx,B8ZB/Thư điện tử/Mẫu Liên danh/TT79,true
B8ZB-144,ONLINE_B8ZB,VND,BLDT,ĐT,TV,B8ZB,HANG HOA,TT06-07,KO,MOT GIAI DOAN HAI TUI,,(BLOL) HANG HOA - MOT GIAI DOAN HAI TUI HO SO - DOC LAP TT06.docx,B8ZB/Thư điện tử/Mẫu Độc lập/TT06-07,false
B8ZB-145,ONLINE_B8ZB,VND,BLDT,ĐT,TV,B8ZB,HANG HOA,TT06-07,KO,MOT GIAI DOAN MOT TUI,,(BLOL) HANG HOA - MOT GIAI DOAN MOT TUI HO SO - DOC LAP TT06.docx,B8ZB/Thư điện tử/Mẫu Độc lập/TT06-07,false
B8ZB-146,ONLINE_B8ZB,VND,BLDT,ĐT,TV,B8ZB,PHI TU VAN,TT06-07,KO,MOT GIAI DOAN HAI TUI,,(BLOL) PHI TU VAN - MOT GIAI DOAN HAI TUI HO SO - DOC LAP TT06.docx,B8ZB/Thư điện tử/Mẫu Độc lập/TT06-07,false
B8ZB-147,ONLINE_B8ZB,VND,BLDT,ĐT,TV,B8ZB,PHI TU VAN,TT06-07,KO,MOT GIAI DOAN MOT TUI,,(BLOL) PHI TU VAN - MOT GIAI DOAN MOT TUI HO SO - DOC LAP TT06.docx,B8ZB/Thư điện tử/Mẫu Độc lập/TT06-07,false
B8ZB-148,ONLINE_B8ZB,VND,BLDT,ĐT,TV,B8ZB,THUOC CU,TT06-07,KO,MOT GIAI DOAN MOT TUI,,(BLOL) THUOC CU - MOT GIAI DOAN MOT TUI HO SO - DOC LAP TT07.docx,B8ZB/Thư điện tử/Mẫu Độc lập/TT06-07,false
B8ZB-149,ONLINE_B8ZB,VND,BLDT,ĐT,TV,B8ZB,THUOC MOI,TT06-07,KO,MOT GIAI DOAN MOT TUI,,(BLOL) THUOC MOI - MOT GIAI DOAN MOT TUI HO SO - DOC LAP TT07.docx,B8ZB/Thư điện tử/Mẫu Độc lập/TT06-07,false
B8ZB-150,ONLINE_B8ZB,VND,BLDT,ĐT,TV,B8ZB,XAY LAP,TT06-07,KO,MOT GIAI DOAN HAI TUI,,(BLOL) XAY LAP - MOT GIAI DOAN HAI TUI HO SO - DOC LAP TT06.docx,B8ZB/Thư điện tử/Mẫu Độc lập/TT06-07,false
B8ZB-151,ONLINE_B8ZB,VND,BLDT,ĐT,TV,B8ZB,XAY LAP,TT06-07,KO,MOT GIAI DOAN MOT TUI,,(BLOL) XAY LAP - MOT GIAI DOAN MOT TUI HO SO - DOC LAP TT06.docx,B8ZB/Thư điện tử/Mẫu Độc lập/TT06-07,false
B8ZB-152,ONLINE_B8ZB,VND,BLDT,ĐT,TV,B8ZB,(xem template_file),TT22,KO,,,(BLOL) CGTT - HANG HOA MTHS - DOC LAP TT22.docx,B8ZB/Thư điện tử/Mẫu Độc lập/TT22,false
B8ZB-153,ONLINE_B8ZB,VND,BLDT,ĐT,TV,B8ZB,(xem template_file),TT22,KO,,,(BLOL) CGTT - PHI TU VAN MTHS - DOC LAP TT22.docx,B8ZB/Thư điện tử/Mẫu Độc lập/TT22,false
B8ZB-154,ONLINE_B8ZB,VND,BLDT,ĐT,TV,B8ZB,EC,TT22,KO,2 túi,,(BLOL) EC - HAI TUI HO SO - DOC LAP TT22.docx,B8ZB/Thư điện tử/Mẫu Độc lập/TT22,false
B8ZB-155,ONLINE_B8ZB,VND,BLDT,ĐT,TV,B8ZB,EC,TT22,KO,1 túi,,(BLOL) EC - MOT TUI HO SO - DOC LAP TT22.docx,B8ZB/Thư điện tử/Mẫu Độc lập/TT22,false
B8ZB-156,ONLINE_B8ZB,VND,BLDT,ĐT,TV,B8ZB,EP,TT22,KO,2 túi,,(BLOL) EP - HAI TUI HO SO - DOC LAP TT22.docx,B8ZB/Thư điện tử/Mẫu Độc lập/TT22,false
B8ZB-157,ONLINE_B8ZB,VND,BLDT,ĐT,TV,B8ZB,EP,TT22,KO,1 túi,,(BLOL) EP - MOT TUI HO SO - DOC LAP TT22.docx,B8ZB/Thư điện tử/Mẫu Độc lập/TT22,false
B8ZB-158,ONLINE_B8ZB,VND,BLDT,ĐT,TV,B8ZB,EPC,TT22,KO,2 túi,,(BLOL) EPC - HAI TUI HO SO - DOC LAP TT22.docx,B8ZB/Thư điện tử/Mẫu Độc lập/TT22,false
B8ZB-159,ONLINE_B8ZB,VND,BLDT,ĐT,TV,B8ZB,EPC,TT22,KO,1 túi,,(BLOL) EPC - MOT TUI HO SO - DOC LAP TT22.docx,B8ZB/Thư điện tử/Mẫu Độc lập/TT22,false
B8ZB-160,ONLINE_B8ZB,VND,BLDT,ĐT,TV,B8ZB,HANG HOA,TT22,KO,2 túi,,(BLOL) HANG HOA - HAI TUI HO SO - DOC LAP TT22.docx,B8ZB/Thư điện tử/Mẫu Độc lập/TT22,false
B8ZB-161,ONLINE_B8ZB,VND,BLDT,ĐT,TV,B8ZB,HANG HOA,TT22,KO,1 túi,,(BLOL) HANG HOA - MOT TUI HO SO - DOC LAP TT22.docx,B8ZB/Thư điện tử/Mẫu Độc lập/TT22,false
B8ZB-162,ONLINE_B8ZB,VND,BLDT,ĐT,TV,B8ZB,MUON MAY,TT22,KO,2 túi,,(BLOL) MUON MAY - HAI TUI HO SO - DOC LAP TT22.docx,B8ZB/Thư điện tử/Mẫu Độc lập/TT22,false
B8ZB-163,ONLINE_B8ZB,VND,BLDT,ĐT,TV,B8ZB,MUON MAY,TT22,KO,1 túi,,(BLOL) MUON MAY - MOT TUI HO SO - DOC LAP TT22.docx,B8ZB/Thư điện tử/Mẫu Độc lập/TT22,false
B8ZB-164,ONLINE_B8ZB,VND,BLDT,ĐT,TV,B8ZB,PC,TT22,KO,2 túi,,(BLOL) PC - HAI TUI HO SO - DOC LAP TT22.docx,B8ZB/Thư điện tử/Mẫu Độc lập/TT22,false
B8ZB-165,ONLINE_B8ZB,VND,BLDT,ĐT,TV,B8ZB,PC,TT22,KO,1 túi,,(BLOL) PC - MOT TUI HO SO - DOC LAP TT22.docx,B8ZB/Thư điện tử/Mẫu Độc lập/TT22,false
B8ZB-166,ONLINE_B8ZB,VND,BLDT,ĐT,TV,B8ZB,PHI TU VAN,TT22,KO,2 túi,,(BLOL) PHI TU VAN - HAI TUI HO SO - DOC LAP TT22.docx,B8ZB/Thư điện tử/Mẫu Độc lập/TT22,false
B8ZB-167,ONLINE_B8ZB,VND,BLDT,ĐT,TV,B8ZB,PHI TU VAN,TT22,KO,1 túi,,(BLOL) PHI TU VAN - MOT TUI HO SO - DOC LAP TT22.docx,B8ZB/Thư điện tử/Mẫu Độc lập/TT22,false
B8ZB-168,ONLINE_B8ZB,VND,BLDT,ĐT,TV,B8ZB,XAY LAP,TT22,KO,2 túi,,(BLOL) XAY LAP - HAI TUI HO SO - DOC LAP TT22.docx,B8ZB/Thư điện tử/Mẫu Độc lập/TT22,false
B8ZB-169,ONLINE_B8ZB,VND,BLDT,ĐT,TV,B8ZB,XAY LAP,TT22,KO,1 túi,,(BLOL) XAY LAP - MOT TUI HO SO - DOC LAP TT22.docx,B8ZB/Thư điện tử/Mẫu Độc lập/TT22,false
B8ZB-170,ONLINE_B8ZB,VND,BLDT,ĐT,TV,B8ZB,THUOC CU,TT40,KO,MOT GIAI DOAN MOT TUI,,(BLOL) THUOC CU - MOT GIAI DOAN MOT TUI HO SO - DOC LAP TT40.docx,B8ZB/Thư điện tử/Mẫu Độc lập/TT40,false
B8ZB-171,ONLINE_B8ZB,VND,BLDT,ĐT,TV,B8ZB,THUOC MOI,TT40,KO,MOT GIAI DOAN MOT TUI,,(BLOL) THUOC MOI - MOT GIAI DOAN MOT TUI HO SO - DOC LAP TT40.docx,B8ZB/Thư điện tử/Mẫu Độc lập/TT40,false
B8ZB-172,ONLINE_B8ZB,VND,BLDT,ĐT,TV,B8ZB,(xem template_file),TT79,KO,,,(BLOL) CGTT - PHI TU VAN MTHS - DOC LAP TT79.docx,B8ZB/Thư điện tử/Mẫu Độc lập/TT79,true
B8ZB-173,ONLINE_B8ZB,VND,BLDT,ĐT,TV,B8ZB,EC,TT79,KO,2 túi,,(BLOL) EC - HAI TUI HO SO - DOC LAP TT79.docx,B8ZB/Thư điện tử/Mẫu Độc lập/TT79,true
B8ZB-174,ONLINE_B8ZB,VND,BLDT,ĐT,TV,B8ZB,EC,TT79,KO,1 túi,,(BLOL) EC - MOT TUI HO SO - DOC LAP TT79.docx,B8ZB/Thư điện tử/Mẫu Độc lập/TT79,true
B8ZB-175,ONLINE_B8ZB,VND,BLDT,ĐT,TV,B8ZB,EP,TT79,KO,2 túi,,(BLOL) EP - HAI TUI HO SO - DOC LAP TT79.docx,B8ZB/Thư điện tử/Mẫu Độc lập/TT79,true
B8ZB-176,ONLINE_B8ZB,VND,BLDT,ĐT,TV,B8ZB,EP,TT79,KO,1 túi,,(BLOL) EP - MOT TUI HO SO - DOC LAP TT79.docx,B8ZB/Thư điện tử/Mẫu Độc lập/TT79,true
B8ZB-177,ONLINE_B8ZB,VND,BLDT,ĐT,TV,B8ZB,EPC,TT79,KO,2 túi,,(BLOL) EPC - HAI TUI HO SO - DOC LAP TT79.docx,B8ZB/Thư điện tử/Mẫu Độc lập/TT79,true
B8ZB-178,ONLINE_B8ZB,VND,BLDT,ĐT,TV,B8ZB,EPC,TT79,KO,1 túi,,(BLOL) EPC - MOT TUI HO SO - DOC LAP TT79.docx,B8ZB/Thư điện tử/Mẫu Độc lập/TT79,true
B8ZB-179,ONLINE_B8ZB,VND,BLDT,ĐT,TV,B8ZB,HANG HOA,TT79,KO,2 túi,,(BLOL) HANG HOA - HAI TUI HO SO - DOC LAP TT79.docx,B8ZB/Thư điện tử/Mẫu Độc lập/TT79,true
B8ZB-180,ONLINE_B8ZB,VND,BLDT,ĐT,TV,B8ZB,HANG HOA,TT79,KO,1 túi,,(BLOL) HANG HOA - MOT TUI HO SO - DOC LAP TT79.docx,B8ZB/Thư điện tử/Mẫu Độc lập/TT79,true
B8ZB-181,ONLINE_B8ZB,VND,BLDT,ĐT,TV,B8ZB,MUON MAY,TT79,KO,2 túi,,(BLOL) MUON MAY - HAI TUI HO SO - DOC LAP TT79.docx,B8ZB/Thư điện tử/Mẫu Độc lập/TT79,true
B8ZB-182,ONLINE_B8ZB,VND,BLDT,ĐT,TV,B8ZB,MUON MAY,TT79,KO,1 túi,,(BLOL) MUON MAY - MOT TUI HO SO - DOC LAP TT79.docx,B8ZB/Thư điện tử/Mẫu Độc lập/TT79,true
B8ZB-183,ONLINE_B8ZB,VND,BLDT,ĐT,TV,B8ZB,PC,TT79,KO,2 túi,,(BLOL) PC - HAI TUI HO SO - DOC LAP TT79.docx,B8ZB/Thư điện tử/Mẫu Độc lập/TT79,true
B8ZB-184,ONLINE_B8ZB,VND,BLDT,ĐT,TV,B8ZB,PC,TT79,KO,1 túi,,(BLOL) PC - MOT TUI HO SO - DOC LAP TT79.docx,B8ZB/Thư điện tử/Mẫu Độc lập/TT79,true
B8ZB-185,ONLINE_B8ZB,VND,BLDT,ĐT,TV,B8ZB,PHI TU VAN,TT79,KO,2 túi,,(BLOL) PHI TU VAN - HAI TUI HO SO - DOC LAP TT79.docx,B8ZB/Thư điện tử/Mẫu Độc lập/TT79,true
B8ZB-186,ONLINE_B8ZB,VND,BLDT,ĐT,TV,B8ZB,PHI TU VAN,TT79,KO,1 túi,,(BLOL) PHI TU VAN - MOT TUI HO SO - DOC LAP TT79.docx,B8ZB/Thư điện tử/Mẫu Độc lập/TT79,true
B8ZB-187,ONLINE_B8ZB,VND,BLDT,ĐT,TV,B8ZB,XAY LAP,TT79,KO,2 túi,,(BLOL) XAY LAP - HAI TUI HO SO - DOC LAP TT79.docx,B8ZB/Thư điện tử/Mẫu Độc lập/TT79,true
B8ZB-188,ONLINE_B8ZB,VND,BLDT,ĐT,TV,B8ZB,XAY LAP,TT79,KO,1 túi,,(BLOL) XAY LAP - MOT TUI HO SO - DOC LAP TT79.docx,B8ZB/Thư điện tử/Mẫu Độc lập/TT79,true
B8ZB-189,ONLINE_B8ZB,VND,BLDT,ĐT,TV,B8ZB,(xem template_file),TT79,KO,,,(IDNES) TT79 - CGTT - HANG HOA MTHS - DOC LAP.docx,B8ZB/Thư điện tử/Mẫu Độc lập/TT79,true
